Date,Close,High,Low,Open,Volume
,AAPL,AAPL,AAPL,AAPL,AAPL
2022-01-03,179.07656860351562,179.9325571617345,174.84588302447216,174.96394419959245,104487900
2022-01-04,176.8038330078125,179.9916204306624,176.23317886967382,179.68661899764498,99310400
2022-01-05,172.1008758544922,177.26626350424175,171.82538971420172,176.71529122366078,94537600
2022-01-06,169.22793579101562,172.47475384074252,168.8737371853569,169.91665113177746,96904000
2022-01-07,169.39517211914062,171.33342326280658,168.27354584929702,170.10356923829096,86709100
2022-01-10,169.4148406982422,169.71984207033913,165.45962626204417,166.35496352474928,106765600
2022-01-11,172.25828552246094,172.35666484220278,168.06694817720108,169.54277308913493,76138300
2022-01-12,172.70103454589844,174.32443598667186,172.00248580970825,173.28152209013933,74805200
2022-01-13,169.4148406982422,173.77343581306164,169.0212784335483,172.94697757650243,84505800
2022-01-14,170.2807159423828,170.979264784859,168.33261590160495,168.57858676416953,80440800
2022-01-18,167.06338500976562,169.75921560588677,166.67967112863838,168.7458170220669,90956700
2022-01-19,163.5509490966797,168.32279005043156,163.26562948892115,167.26019407476502,94815000
2022-01-20,161.85865783691406,166.94533337388285,161.53397450312417,164.2888511126298,91420500
2022-01-21,159.79249572753906,163.6493165916426,159.68426796038625,161.77009582238404,122848900
2022-01-24,159.0152130126953,159.68426145863555,152.20674242658725,157.44100875159458,162294600
2022-01-25,157.20486450195312,160.13683238368577,154.48935213627462,156.4177548992897,115798400
2022-01-26,157.11634826660156,161.7405974123359,155.27649104575468,160.86494175497953,108275300
2022-01-27,156.65391540527344,161.19945188757413,155.72906261160534,159.83185456858192,121954600
2022-01-28,167.58482360839844,167.6045054755724,160.17618447475024,163.03928812749427,179935700
2022-01-31,171.96310424804688,172.17955975276536,166.77803558788963,167.41756867469104,115541600
2022-02-01,171.79586791992188,172.0221568809913,169.53293327062335,171.20553191997683,86213900
2022-02-02,173.0060272216797,173.04539095891812,170.53648566674534,171.93359808137038,84914300
2022-02-03,170.11343383789062,173.3996158033436,169.3460059869967,171.66797141127995,89418100
2022-02-04,169.82772827148438,171.5123187730984,168.14313776987035,169.1282745462075,82465400
2022-02-07,169.1085662841797,171.36452266980686,168.4091126265265,170.29072729509326,77251200
2022-02-08,172.23147583007812,172.74375119669648,168.88200154925988,169.17754560815493,74829200
2022-02-09,173.65989685058594,174.02439262055952,172.30040338982997,173.433319617791,71285000
2022-02-10,169.56173706054688,172.87179722890681,169.00021691491136,171.55171755685703,90865900
2022-02-11,166.13345336914062,170.50746274549212,165.5423653332038,169.7686102165677,98670700
2022-02-14,166.36990356445312,167.059496301351,164.08437902845532,164.88233741200816,86185500
2022-02-15,170.2218017578125,170.3794272726593,167.7195605956041,168.42886038041834,62527400
2022-02-16,169.98533630371094,170.76358766300345,167.52249461583332,169.29574363750376,61177400
2022-02-17,166.36990356445312,169.35486679359227,165.96599387855787,168.4879416203525,69589300
2022-02-18,164.8133544921875,168.00518742290222,163.71985227614857,167.29590290762562,82772700
2022-02-22,161.877685546875,164.2124549433413,159.73992547123078,162.52786440797053,91162800
2022-02-23,157.6908721923828,163.68049136917585,157.37562116623778,163.0795572535836,90009200
2022-02-24,160.32118225097656,160.4295479097244,149.7408066830381,150.31218788079974,141147500
2022-02-25,162.39979553222656,162.66577162560156,158.4789405339572,161.40479781703053,91974200
2022-02-28,162.66575622558594,162.9613002222384,160.01573627452265,160.6363771642936,95056600
2022-03-01,160.77430725097656,164.12378106720112,159.56259331277428,162.25201230848918,83474400
2022-03-02,164.08438110351562,164.87249354079174,160.52803669540245,161.94663607610053,79724800
2022-03-03,163.75929260253906,166.3994671487369,163.08940676711282,165.96600453428687,76678400
2022-03-04,160.7447509765625,163.08938109548046,159.690662540977,162.04513861522074,83737200
2022-03-07,156.9322967529297,162.56728050558442,156.67615156199417,160.93194979420673,96418800
2022-03-08,155.0999298095703,160.4590760477699,153.4843061670537,156.45942331275887,131148300
2022-03-09,160.52806091308594,160.98123051828424,157.04068276941686,159.07990841281742,91454900
2022-03-10,156.1638946533203,158.00609571698396,153.66163868475533,157.81891731398164,105342000
2022-03-11,152.4302215576172,156.91259725992478,152.2036442896399,156.56779334744132,96970100
2022-03-14,148.3813018798828,151.8292807234323,147.86904156044886,149.19896723804965,108732100
2022-03-15,152.7848663330078,153.2577428312749,148.14488031272373,148.65714063785396,92964300
2022-03-16,157.21798706054688,157.62189677872126,152.16424521683604,154.71574606326269,102300200
2022-03-17,158.23268127441406,158.60703810004415,155.28713161589062,156.25256155188856,75615400
2022-03-18,161.54275512695312,162.03532360888968,157.38547593684885,158.12432865975367,123511700
2022-03-21,162.9219512939453,163.87753532447212,160.58716653375254,161.0797350017768,95811400
2022-03-22,166.310791015625,166.90186403813098,162.4589027695207,163.0499757920267,81532000
2022-03-23,167.68014526367188,170.07402052830085,165.15818236981434,165.49314031396403,98062700
2022-03-24,171.48277282714844,171.55172458765148,167.680144114985,168.51750138963553,90131400
2022-03-25,172.1231231689453,172.67479743679507,170.18240224183327,171.29561176717067,80546200
2022-03-28,172.99002075195312,173.11807830876265,169.4435224096512,169.61099385470519,90371900
2022-03-29,176.30007934570312,176.3493241575945,173.7190108396555,174.06381471485844,100589400
2022-03-30,175.12779235839844,176.94044066158713,174.0736886513943,175.8961979441414,92633200
2022-03-31,172.01475524902344,175.383921653736,171.80786988529718,175.19674323703038,103049300
2022-04-01,171.7191925048828,172.28072769395772,169.38442310861137,171.4433554045636,78751300
2022-04-04,175.78781127929688,175.83707112521444,171.84726411780443,171.97533671079117,76468400
2022-04-05,172.45802307128906,175.64987129409147,171.82753620367296,174.8617589515732,73401800
2022-04-06,169.27606201171875,171.0493112985937,167.60133241989047,169.79818332507708,89058800
2022-04-07,169.5814208984375,170.78328880385303,167.32546460305463,168.61599119854367,77594700
2022-04-08,167.56190490722656,169.22678840700246,166.68513380776986,169.22678840700246,76575500
2022-04-11,163.2864227294922,166.51767019391744,163.04013853231345,166.2024342381658,72246700
2022-04-12,165.1680450439453,167.34518902716218,164.16320126523246,165.52269490513837,79265200
2022-04-13,167.8673095703125,168.4977965392979,164.2912731044712,164.9020531279272,70618900
2022-04-14,162.833251953125,168.72438072783297,162.586967757821,168.08403280084593,75329400
2022-04-18,162.61654663085938,164.12380480496248,161.1388413596214,161.48363023704638,69023900
2022-04-19,164.911865234375,165.32563584558537,161.47374802896798,162.56725028547083,67723800
2022-04-20,164.74440002441406,166.36988453834775,163.6312058164392,166.2516579169755,67929800
2022-04-21,163.9464569091797,168.98050632684885,163.44404257581323,166.39945283983835,87227800
2022-04-22,159.38525390625,165.37488661412266,159.0995708883909,163.9858553452318,84882400
2022-04-25,160.45909118652344,160.74477425226587,156.10478821517142,158.72524075058578,96046400
2022-04-26,154.46945190429688,159.92710311480064,154.3906391571423,159.83844441124967,95623200
2022-04-27,154.2428436279297,157.41496962891514,153.07052867678715,153.59264986867544,88063200
2022-04-28,161.20777893066406,162.07470409037728,156.5677781733732,156.88302915217585,130216800
2022-04-29,155.30679321289062,163.7297149213484,154.9127445495681,159.43451835036365,131747600
2022-05-02,155.61219787597656,155.87817395874512,150.99190440338296,154.3807770157754,123055300
2022-05-03,157.10960388183594,158.32133290120754,153.996583191987,155.79937020716176,88966500
2022-05-04,163.5524139404297,164.0055684455129,156.89287962543,157.29678931665225,108256500
2022-05-05,154.4398956298828,161.64124301290533,152.64693949326463,161.41466576478126,130525300
2022-05-06,155.16995239257812,157.30097774874963,152.11153553580905,153.91698631916998,116124600
2022-05-09,150.02000427246094,153.73943124959115,149.45765905699372,152.85149635884284,131577900
2022-05-10,152.4371337890625,154.6372276027927,150.87832879863976,153.43359356023947,115366700
2022-05-11,144.5345916748047,153.36451764343903,143.85384613812707,151.44068137940286,142689800
2022-05-12,140.64743041992188,144.23859603195632,136.93787953021916,140.85461970992037,182602000
2022-05-13,145.13638305664062,146.11310670484872,141.1900467789035,142.65018698652435,113990900
2022-05-16,143.58746337890625,145.5409110091413,142.24570821302393,143.59733885589824,86643800
2022-05-17,147.23785400390625,147.76074250575596,144.71218541921027,146.86294713311494,78336300
2022-05-18,138.9307861328125,145.38303979911012,138.023115474384,144.87988730604852,109742900
2022-05-19,135.50735473632812,139.7595305072189,134.76741653803163,138.00341172092175,136095600
2022-05-20,135.74412536621094,138.81240303157122,130.8309399431796,137.2240017632513,137426100
2022-05-23,141.1900634765625,141.3380450828472,135.80330719659918,135.94142838049157,117726300
2022-05-24,138.4769287109375,140.06532952865433,135.48758044127115,138.9208884932893,104132700
2022-05-25,138.6348114013672,139.88776245487574,136.48405008857472,136.57283905065083,92482700
2022-05-26,141.85108947753906,142.4035742769945,135.30017032641544,135.5468164014639,90601500
2022-05-27,147.63246154785156,147.67191829271428,143.31121786248204,143.43947862792666,90978500
2022-05-31,146.8431854248047,148.6387758545306,144.87001706901614,147.07011062465787,103718400
2022-06-01,146.71493530273438,149.7042840674564,145.6987397803345,147.8889577936666,74286600
2022-06-02,149.18141174316406,149.2406043897797,144.88976421455953,145.8467521457281,72348100
2022-06-03,143.4296112060547,145.98486058899564,142.52195557770006,144.92920830294685,88570300
2022-06-06,144.17941284179688,146.57682025024437,142.95604302742927,145.0574721682304,71598400
2022-06-07,146.71493530273438,147.00103808191767,142.16678177736554,142.41342781441574,67808200
2022-06-08,145.97500610351562,147.85937050052127,145.48171399929922,146.58668349543828,53950200
2022-06-09,140.7263946533203,145.9651552761212,140.61786976990277,145.10683168714428,69473000
2022-06-10,135.290283203125,138.8715732692795,135.2212150897829,138.39801711378644,91437900
2022-06-13,130.1107177734375,133.3861692038421,129.67661835461882,131.08742641170062,122207100
2022-06-14,130.97894287109375,132.09378808888513,129.71611601115467,131.34398934519743,84784300
2022-06-15,133.6130828857422,135.49746220656547,130.3869635861187,132.4883775680402,91533000
2022-06-16,128.3151397705078,130.61388278319032,127.30881966252552,130.30804408715656,108123900
2022-06-17,129.7949981689453,131.29461017428142,128.06847604207698,128.32499753553608,134520300
2022-06-21,134.0471954345703,135.2212330849965,131.53141767403508,131.63006706526505,81000500
2022-06-22,133.5341796875,135.9118362074978,132.1134960074851,132.9816798809872,73409200
2022-06-23,136.41500854492188,136.7307076769902,133.81042672551413,134.98446439237523,72433800
2022-06-24,139.75950622558594,140.00615224883282,137.89486289200275,138.0231085873177,89116800
2022-06-27,139.75950622558594,141.56495692224246,139.07876079277202,140.78554705849837,70207900
2022-06-28,135.59613037109375,141.4958994767852,135.47774508831563,140.22321252468137,67083400
2022-06-29,137.36212158203125,138.78280531761038,134.83646829837102,135.61587828995619,66242400
2022-06-30,134.88580322265625,136.51366125405357,131.97538262351003,135.40869168384842,98964500
2022-07-01,137.066162109375,137.17468699446417,133.8400419922467,134.21493382375945,71051600
2022-07-05,139.66087341308594,139.71020563971956,135.0929832111043,135.92172547793604,73353800
2022-07-06,141.0026092529297,142.1865072585656,139.187297974016,139.45367991786003,74064300
2022-07-07,144.3865966796875,144.58391049928917,141.35777610681967,141.36763652887194,66253700
2022-07-08,145.0673370361328,145.57050462277482,143.05471185180627,143.31121832945087,64547800
2022-07-11,142.9264373779297,144.67269549440107,141.85106429460987,143.71570768878132,63141600
2022-07-12,143.90316772460938,146.4584171134617,143.1040369550832,143.80450328591834,77588800
2022-07-13,143.5381317138672,144.48524405643747,140.21333293071814,141.07167136789155,71185600
2022-07-14,146.47813415527344,146.95169028105207,141.32816424343767,142.1470308061019,78140700
2022-07-15,148.15533447265625,148.83607991941642,146.21176256532723,147.77056727067165,76259900
2022-07-18,145.09695434570312,149.53658351575038,144.73190793272408,148.71771677345194,81420900
2022-07-19,148.97421264648438,149.20112279497567,144.93908692354225,145.93553153568237,82982400
2022-07-20,150.9868621826172,151.6577473682176,148.35268377665855,149.0926220385823,64823400
2022-07-21,153.265869140625,153.48291887978365,149.90161323774686,152.42726650714104,65086600
2022-07-22,152.0227508544922,154.18337259135419,151.35188084612065,153.30531328387983,66675400
2022-07-25,150.89805603027344,152.9600134725139,150.23704639800843,151.94383291278464,53623900
2022-07-26,149.56617736816406,151.03617825668115,148.77690696237937,150.21731152791162,55138700
2022-07-27,154.6865692138672,155.21933324688615,150.11869344944282,150.53305711174423,78620700
2022-07-28,155.23904418945312,155.52514701000848,152.33848396565298,154.87399776505708,81378700
2022-07-29,160.32980346679688,161.43478808024193,157.36019024896586,159.07685228933292,101786900
2022-08-01,159.34320068359375,161.39529752255416,158.73152332775882,158.84990860848058,67829400
2022-08-02,157.8633270263672,160.2311380578776,157.48843527995646,157.9521310424326,59907000
2022-08-03,163.90126037597656,164.3550807397493,158.59343183685212,158.6822208140143,82507500
2022-08-04,163.58554077148438,164.94703192609583,162.22404961687292,163.78285462114704,55474100
2022-08-05,163.35829162597656,163.852268903255,161.03659239277184,161.24406948222443,56697000
2022-08-08,162.8840789794922,165.7886680742243,162.22215117031726,164.36601096047863,60276900
2022-08-09,162.93348693847656,163.82265521141719,161.28360440228838,162.04433374052826,63135500
2022-08-10,167.20143127441406,167.3002176831234,164.88960620076517,165.6602095336515,70170500
2022-08-11,166.4604949951172,168.93038177724253,166.16410556626363,168.01157605529576,57149200
2022-08-12,170.02699279785156,170.09614178090018,167.3595033161668,167.77445751442195,68039400
2022-08-15,171.10386657714844,171.30145449022353,169.2860336568712,169.45398413673462,54091700
2022-08-16,170.94580078125,171.61761781721378,169.59230766429783,170.6988121058942,56377100
2022-08-17,172.4474639892578,174.02818217175655,170.49131826623292,170.68890615467157,79542000
2022-08-18,172.0522918701172,172.79325783867927,171.03469981262458,171.6571160502139,62290100
2022-08-19,169.45396423339844,171.6472244834014,169.2464871502945,170.94577013813446,70346300
2022-08-22,165.5515594482422,167.81396884774634,165.1267311315286,167.6460183748566,69026800
2022-08-23,165.21563720703125,166.67782081300345,164.6426217519865,165.06745005270514,54147100
2022-08-24,165.51205444335938,166.08506999483225,164.24747359700294,165.3045923923907,53841500
2022-08-25,167.98194885253906,168.09062448057225,166.32219206984308,166.74700538624973,51218200
2022-08-26,161.64913940429688,168.98965049238348,161.58986453568383,168.51543646848708,78961000
2022-08-29,159.43614196777344,160.93782232990517,157.89493497374747,159.20890152186448,73314000
2022-08-30,156.9958953857422,160.6019242494096,155.820226802932,160.17711093628972,77906200
2022-08-31,155.3262176513672,158.6457455871262,155.24717947730267,158.3789936340322,87991100
2022-09-01,156.05734252929688,156.5117932827443,152.80696288510487,154.75323499333092,74229900
2022-09-02,153.93319702148438,158.42839326812575,153.10331881210172,157.825740385719,76957800
2022-09-06,152.6686248779297,155.19778627085483,151.83874662243696,154.585259235847,73714800
2022-09-07,154.0814208984375,154.78286029004315,151.75972133468971,152.95515314889423,87449600
2022-09-08,152.59945678710938,154.47656428354657,150.8408839301981,152.7772813588819,84923800
2022-09-09,155.47442626953125,155.9190179443951,152.88598978028585,153.5973183700772,68028800
2022-09-12,161.46141052246094,162.28141463666398,157.38116833912534,157.66766853565863,104956000
2022-09-13,151.9869384765625,158.60623156162632,151.52259858891705,157.97394119387377,122656600
2022-09-14,153.43922424316406,155.20767139298664,151.75970446301844,152.9254836377698,87965400
2022-09-15,150.53463745117188,153.37007740177668,149.55657204599007,152.78717273127475,90481100
2022-09-16,148.88475036621094,149.52692988033445,146.5828144140255,149.38861684382928,162278800
2022-09-19,152.61923217773438,152.6982703598037,147.30404633975175,147.51150837706584,81474200
2022-09-20,155.0100860595703,156.17588044200602,151.23610695285475,151.5522446171644,107689800
2022-09-21,151.86837768554688,156.8279138472632,151.7498279611601,155.4447684044589,101696800
2022-09-22,150.9002227783203,152.60938037490604,149.09226367095178,150.54455844449382,86652500
2022-09-23,148.6179962158203,149.64547739323916,146.77052602515988,149.36885132431644,96029900
2022-09-26,148.9539337158203,151.91779780340053,147.8375400855009,147.85730340041596,93339400
2022-09-27,149.9319610595703,152.85631284807548,148.14376592715172,150.90016726910255,84442700
2022-09-28,148.0351104736328,148.82547715169355,143.09533757949137,145.8616134152087,146691400
2022-09-29,140.76376342773438,144.9526962468605,138.98544218022843,144.34016923521585,128138200
2022-09-30,136.5353240966797,141.37631073101744,136.3377361896639,139.5782261046943,124925300
2022-10-03,140.734130859375,141.34667296717555,136.03147235346887,136.54521297049774,114311700
2022-10-04,144.34017944335938,144.45872917658045,142.52233144235086,143.283060738833,87830100
2022-10-05,144.6365203857422,145.60472656683345,141.28735552050844,142.3345998638309,79471000
2022-10-06,143.67823791503906,145.7628228353645,143.47077587995457,144.05366550708558,68402200
2022-10-07,138.40257263183594,141.37632597682602,137.77028221620552,140.82305867253086,85925600
2022-10-10,138.7285614013672,140.1808556419713,136.90085472253764,138.7285614013672,74899000
2022-10-11,137.3059539794922,139.64741710813348,136.55511375796235,138.21487058713166,77033700
2022-10-12,136.67361450195312,138.66928670475053,136.49578993758914,137.45410695663108,70433700
2022-10-13,141.26763916015625,141.86040289815247,132.7514599268568,133.36400205360843,113224000
2022-10-14,136.71316528320312,142.77920605337536,136.52545149320736,142.5717289499613,88598000
2022-10-17,140.6946258544922,141.17871398682112,138.5804034985276,139.37077023650323,85250900
2022-10-18,142.01844787597656,144.93291039999897,138.91627160015474,143.73749399378408,99136600
2022-10-19,142.12713623046875,143.2040030269989,139.7955629868406,139.98327675549967,61758300
2022-10-20,141.66281127929688,144.13269781047578,140.93171943907114,141.29727289667952,64522000
2022-10-21,145.49606323242188,146.06907865061885,140.9317031978155,141.14905439351054,86548600
2022-10-24,147.64981079101562,148.42041416694138,144.241370462884,145.41703883961424,75981900
2022-10-25,150.5050048828125,150.65320712247134,147.56090430315092,148.28210696285174,74732300
2022-10-26,147.551025390625,150.159224928985,146.25679220294288,149.1416328980144,88194300
2022-10-27,143.05581665039062,147.25462333513107,142.39388893497147,146.2864321323527,109180200
2022-10-28,153.86404418945312,155.60283873819793,146.0394461076168,146.41485857865877,164762400
2022-10-31,151.49295043945312,152.3821185991709,150.09005675633261,151.31512585250383,97943200
2022-11-01,148.83535766601562,153.57754286316361,147.33367749566185,153.21200447728674,80379300
2022-11-02,143.28306579589844,150.337061596357,143.25342836154712,147.15584632605294,93604600
2022-11-03,137.20713806152344,141.07991823906764,137.07869914103392,140.34882641665214,97918500
2022-11-04,136.93994140625,141.18529050660402,132.98156775184182,140.61132451471516,140814800
2022-11-07,137.47433471679688,137.70193700622886,134.25815566613036,135.68317279996404,83374600
2022-11-08,138.04830932617188,139.9582177555876,136.0592315955368,138.9488431400416,89908500
2022-11-09,133.4664764404297,137.1081885341623,133.18939145612384,137.05870583696503,74917800
2022-11-10,145.3415985107422,145.3415985107422,138.04829894677263,139.77019714382882,118854000
2022-11-11,148.14212036132812,148.44889188152257,142.86758603348042,144.30250846019018,93979700
2022-11-14,146.73692321777344,148.71611022108843,145.89576270136516,147.41974514991688,73374100
2022-11-15,148.47860717773438,151.9916672429698,147.0140129756077,150.6359289335687,89868300
2022-11-16,147.2416229248047,148.31038580901588,145.75723254673355,147.57809621983398,64218300
2022-11-17,149.15151977539062,149.90360533004466,144.62907064938662,144.90615559583793,80389400
2022-11-18,149.7156219482422,151.1109526679862,148.4093661361424,150.72501173486566,74829600
2022-11-21,146.46975708007812,148.8051987997997,146.18278155307905,148.59739258024902,58724100
2022-11-22,148.6171417236328,148.85464959506425,145.40096291048988,146.5884871676489,51804100
2022-11-23,149.49789428710938,150.24997989598808,147.78588669453308,147.8947425813443,58301400
2022-11-25,146.56869506835938,147.33068629749027,145.5889920594768,146.7666107499522,35195900
2022-11-28,142.7191619873047,145.1139762138983,141.88790715162696,143.62958610733222,69246000
2022-11-29,139.70091247558594,143.30303220881638,138.88945365820908,142.78843936121245,83763800
2022-11-30,146.48953247070312,147.17235443840406,139.08737692084236,139.92852238105422,111380900
2022-12-01,146.76661682128906,147.5780907793863,145.0843108081597,146.66766652639865,71250400
2022-12-02,146.2718048095703,146.45982998027435,144.1342793426155,144.4410659948155,65447400
2022-12-05,145.10411071777344,149.34946051004155,144.2530596393701,146.23224678914536,68826400
2022-12-06,141.42279052734375,145.767104768391,140.44308766615222,145.53950252387042,64727200
2022-12-07,139.47329711914062,141.87800184878242,138.54307690109093,140.7102888771861,69721100
2022-12-08,141.16552734375,142.02648408244,139.63166927482092,140.87855183085378,62128300
2022-12-09,140.6806182861328,144.05513580994875,139.43372078818393,140.8587378715548,76097000
2022-12-12,142.9863739013672,142.99626440062022,139.59206025771292,141.2149930351456,70462700
2022-12-13,143.95619201660156,148.4093635202704,142.73899603359902,147.9442532885538,93886200
2022-12-14,141.71966552734375,145.13375944992922,139.69099620812767,143.83739462106308,82291200
2022-12-15,135.07952880859375,140.3243780021143,134.6144186003004,139.64155598993895,98931900
2022-12-16,133.11024475097656,136.21756840232635,132.3383628636987,135.26756689490824,160156900
2022-12-19,130.99249267578125,133.79304421919323,129.95343153387856,133.70398442417286,79592600
2022-12-20,130.92323303222656,131.8633439087619,128.538308891753,130.0226992547034,77432800
2022-12-21,134.0404510498047,135.3862989593413,131.36855133087172,131.59615363248452,85928000
2022-12-22,130.85394287109375,133.1596975133203,128.94403468461323,132.95189133655217,77852100
2022-12-23,130.48779296875,131.04196288495316,128.29089430094626,129.55757270940995,63814900
2022-12-27,128.6768341064453,130.04247788894776,127.38046911290927,130.01279129367578,69007800
2022-12-28,124.72836303710938,129.66643238482206,124.56013395762797,128.32058464897267,85438400
2022-12-29,128.26121520996094,129.12215673015015,126.40078213242634,126.6580710085752,75703700
2022-12-30,128.57789611816406,128.5976922192292,126.10391953505118,127.07372463723176,77034200
2023-01-03,123.76846313476562,129.53778770648333,122.87782744316272,128.92424454671203,112117500
2023-01-04,125.04502868652344,127.3210966368,123.7783502811517,125.5695120059353,89113600
2023-01-05,123.71897888183594,126.44036106917035,123.46169000194207,125.80702181866339,80962700
2023-01-06,128.27108764648438,128.9341133916564,123.59031523952562,124.69866253070737,87754700
2023-01-09,128.7955780029297,132.02166222689684,128.53828914886986,129.11225514638548,70790800
2023-01-10,129.3695526123047,129.89403595356941,126.78671300154889,128.90444246439094,63896200
2023-01-11,132.1008758544922,132.1206568576,129.1024079834001,129.88418040622508,69458900
2023-01-12,132.02169799804688,132.8628435757639,130.07219721792418,132.48680824102038,71379600
2023-01-13,133.35760498046875,133.5159435530184,130.28987441230564,130.656019148829,57809700
2023-01-17,134.52532958984375,135.86127162359787,132.7341679468124,133.42688030875863,63646600
2023-01-18,133.80294799804688,137.16755996413974,133.62481331043077,135.39619418728472,69672800
2023-01-19,133.86228942871094,134.8320866311602,132.3778994841477,132.68467099002484,58280400
2023-01-20,136.4352569580078,136.58370504947536,132.82324656561806,133.8722133053258,80223600
2023-01-23,139.64154052734375,141.82854882417135,136.4649387224491,136.68265050222374,81760300
2023-01-24,141.04676818847656,141.67021696013663,138.83997878878998,138.8498692883404,66435100
2023-01-25,140.3837432861328,140.94780376437996,137.36547990253146,139.42383632315142,65799300
2023-01-26,142.46188354492188,142.748859009156,140.42330829899026,141.6800962423563,54105100
2023-01-27,144.411376953125,145.69785156540507,141.59104444543297,141.6702137400347,70555800
2023-01-30,141.5118865966797,144.03535332871843,141.36345359479515,143.4514967213056,64015300
2023-01-31,142.7884521484375,142.8379348478305,140.7993744728372,141.21500196773877,65874500
2023-02-01,143.91656494140625,145.0842930380827,139.84935044958516,142.47176699297287,77663600
2023-02-02,149.25048828125,149.6067274198631,146.62805663314577,147.35045560866243,118339000
2023-02-03,152.89219665527344,155.74223078414798,146.29160978319123,146.4895254643634,154357300
2023-02-06,150.1510009765625,151.50675419012316,149.2108902751862,150.98227090093437,69858300
2023-02-07,153.0406494140625,153.6146155336174,149.07238437886454,149.07238437886454,83322600
2023-02-08,150.33905029296875,152.97137275977542,149.5968551305232,152.2786602948261,64120100
2023-02-09,149.2999725341797,152.7239728262669,148.8546584612201,152.17969335931676,56007100
2023-02-10,149.6666717529297,149.99373802352738,147.89260151029114,148.13047201337668,57450700
2023-02-13,152.48141479492188,152.88775609688926,149.5774710997684,149.6072030213013,62199000
2023-02-14,151.83718872070312,152.40212547908195,149.51800808989614,150.76679417039543,61707600
2023-02-15,153.94822692871094,154.11671283859152,151.52002450988348,151.7479742558336,65573800
2023-02-16,152.34268188476562,154.939370878608,151.98588365390484,152.1444488830226,68167900
2023-02-17,151.1929931640625,151.63898716051196,149.50811855355659,150.99477529042434,59144100
2023-02-21,147.15916442871094,149.9540858555433,147.08979499066103,148.86386506003032,58867200
2023-02-22,147.58538818359375,148.6161303034484,145.850955150422,147.5457355310671,51011300
2023-02-23,148.07102966308594,149.00267046008142,145.93025509811798,148.7548942959042,48394200
2023-02-24,145.40496826171875,145.88069425404797,144.4237692246742,145.8014040681503,55469600
2023-02-27,146.60415649414062,147.84303695578296,146.13833623071892,146.39603304549414,44998500
2023-02-28,146.09869384765625,147.75383627455793,145.5238515178197,145.74189568165605,50547000
2023-03-01,144.01739501953125,145.9203138783818,143.72006063966762,145.52387812060013,55479000
2023-03-02,144.61204528808594,145.40493182531964,142.61991578386647,143.0956567800384,52238100
2023-03-03,149.68649291992188,149.76578308488604,146.01940974788184,146.72308538697828,70732300
2023-03-06,152.46160888671875,154.9096382410585,152.09490505667793,152.42195623733048,87558000
2023-03-07,150.2514190673828,152.6597952755617,149.78559883301008,152.33272903931797,56182000
2023-03-08,151.51014709472656,152.10481587149795,150.47940502111874,151.45068324166047,47204800
2023-03-09,149.25042724609375,153.1652871071905,148.89362901108174,152.19400890417916,53833600
2023-03-10,147.17901611328125,149.59731347786158,146.29693372600934,148.8738114378205,68572400
2023-03-13,149.13148498535156,151.77773200211703,146.38612147623616,146.49514356859967,84457100
2023-03-14,151.2326202392578,152.03541240200406,148.76477990534212,149.9342758651321,73695900
2023-03-15,151.62905883789062,151.88674052270053,148.586361246658,149.8450679963741,77167900
2023-03-16,154.46363830566406,155.06821263966182,150.29108181642482,150.80646037730506,76161100
2023-03-17,153.62120056152344,155.34572787019124,152.90760409745778,154.69159525762194,98944600
2023-03-20,155.99981689453125,156.41609402515743,152.77872779308782,153.69055709316683,73641400
2023-03-21,157.8631134033203,157.98204109629864,155.14748180357108,155.9205571770909,73938300
2023-03-22,156.42601013183594,160.69766769977065,156.40618380927145,157.8829348177373,75701800
2023-03-23,157.51622009277344,160.11292398786247,156.2773395529773,157.41711872342182,67622100
2023-03-24,158.82449340820312,158.91368918214428,156.4458486981132,157.44685878169065,59196500
2023-03-27,156.8720245361328,159.3398802717359,156.46566804738902,158.51726169320153,52390300
2023-03-28,156.2476043701172,157.0801435690118,154.59246181824673,156.56476504075383,45992200
2023-03-29,159.33984375,159.61735174625372,157.93247744812703,157.95228864567977,51305700
2023-03-30,160.9157257080078,161.02474780690227,159.83542544272464,160.09310716599592,49501700
2023-03-31,163.43310546875,163.53222195551984,160.46971306479455,160.99499717395898,68749800
2023-04-03,164.69183349609375,164.81076119711048,162.759182739299,162.80874098907415,56976200
2023-04-04,164.15663146972656,165.35585936030904,163.6412529320187,165.1180039760234,46278300
2023-04-05,162.3032684326172,163.58180171406576,160.36071207007467,163.27456173694304,51511700
2023-04-06,163.19525146484375,163.49258580459212,160.55891017442244,160.98507780038798,45390100
2023-04-10,160.5886688232422,160.5886688232422,158.6560179778013,159.98409444358578,47716900
2023-04-11,159.36961364746094,160.91573431590425,159.08218486088444,160.90582871476735,47644200
2023-04-12,158.6758270263672,160.6183832614872,158.35866634623534,159.7858591607215,50133100
2023-04-13,164.08724975585938,164.32512026733755,159.98407795194623,160.19221653987137,68445600
2023-04-14,163.74037170410156,164.84049824090104,162.36273713306923,163.1258766656828,49386500
2023-04-17,163.7601776123047,163.91875794761413,162.57085534359018,163.62142359967223,41516200
2023-04-18,164.98916625976562,165.9208069034402,164.17645331594588,164.6224624365103,49923000
2023-04-19,166.13885498046875,166.66413916449648,164.06743504696098,164.32513190006836,47720200
2023-04-20,165.16754150390625,166.37669007657564,164.08724134206236,164.61252546197005,52456400
2023-04-21,163.5520477294922,164.9693197226261,163.02676362208774,163.581779650813,58337300
2023-04-24,163.85928344726562,164.12688585531714,162.43209076839383,163.53221719810315,41949600
2023-04-25,162.3131866455078,164.83058539726287,162.2735339969769,163.72055320726747,48714100
2023-04-26,162.3032684326172,163.80975151595447,161.3518165759181,161.6094983031377,45498800
2023-04-27,166.9119110107422,167.06057063521666,163.72055333888554,163.72055333888554,64902300
2023-04-28,168.17059326171875,168.3390943239458,166.3866173772678,166.99119168750394,55209200
2023-05-01,168.0814208984375,168.93377143610374,167.1398745787384,167.77418090050938,52472900
2023-05-02,167.0407257080078,168.83463734085763,166.04962132707658,168.57694052306178,48425700
2023-05-03,165.96044921875,169.39958312064851,165.67303556145444,167.99221651388285,65136000
2023-05-04,164.315185546875,165.5540659995638,162.84835532534615,163.42319767016005,81235400
2023-05-05,172.02601623535156,172.74951828972897,169.24099987223252,169.45904407323195,113316400
2023-05-08,171.9566192626953,172.30351186374347,170.57898470464832,170.94568850577377,55962800
2023-05-09,170.24200439453125,171.99624826685388,170.0735184638984,171.5106167971042,45326900
2023-05-10,172.01608276367188,172.48190305646256,170.3708457773496,171.48089302464294,53724500
2023-05-11,172.20440673828125,173.0369308880872,170.63845981475797,172.30352323742437,49514700
2023-05-12,171.271484375,172.7502630057861,169.71329075220336,172.31357141356355,45497800
2023-05-15,170.77523803710938,171.9066593124194,170.1797467789581,171.8570325169115,37266700
2023-05-16,170.77523803710938,171.83717876991398,170.50726545654413,170.69583819309108,42110300
2023-05-17,171.3905792236328,171.62876362745493,169.13765582565435,170.41795757208934,57951600
2023-05-18,173.73280334472656,173.92137607373184,171.28138815560044,171.6982259620468,65496700
2023-05-19,173.84201049804688,175.06275111068052,173.62366467868486,175.06275111068052,55772400
2023-05-22,172.88919067382812,173.3953627585547,172.14483421414405,172.67084490080313,43570900
2023-05-23,170.26905822753906,172.07537052336497,169.99116635802292,171.82725170101335,50747300
2023-05-24,170.54696655273438,171.1226040934086,169.2369069191782,169.8026100138583,45143500
2023-05-25,171.68832397460938,172.5914650743336,170.39810293275275,171.11268642842802,56058300
2023-05-26,174.1099395751953,174.44739269623702,171.80740468839622,172.01583117068753,54835000
2023-05-30,175.96588134765625,177.64316710040904,175.24137858755796,175.62844336557998,55964400
2023-05-31,175.916259765625,178.00046410534546,175.4299413812976,175.99565961269718,99625300
2023-06-01,178.73487854003906,178.76465158842046,175.59865286277548,176.3628631071657,68901800
2023-06-02,179.58840942382812,180.41216577183522,177.91112367918484,179.6678092681631,61945900
2023-06-05,178.2287139892578,183.55830143833987,176.70029356551757,181.25576664565278,121946500
2023-06-06,177.86151123046875,178.76465227479207,176.09489120388227,178.61578703231345,64848400
2023-06-07,176.48194885253906,179.84643920374708,175.98571124826668,177.0972786357665,61944600
2023-06-08,179.21127319335938,179.47923062220013,176.12467438732125,176.56135080082998,50214900
2023-06-09,179.59832763671875,180.8587602986888,179.27080898742852,180.1342576075761,48870700
2023-06-12,182.40704345703125,182.50629705263665,179.60827075983389,179.90601640267764,54274900
2023-06-13,181.9306640625,182.76433976812353,181.06721530624512,181.42450705779416,54929100
2023-06-14,182.5658416748047,183.00253326157815,180.6503714756975,181.9902041416917,57462900
2023-06-15,184.61033630371094,185.1165084295681,182.39712049072034,182.57577393042644,65433200
2023-06-16,183.52853393554688,185.58296511233405,182.88343103661734,185.32491183758503,101235600
2023-06-20,183.6178436279297,184.69965317797735,183.02236755433236,183.02236755433236,49799100
2023-06-21,182.57577514648438,184.014861399602,181.21607359601802,183.50868927037342,49515700
2023-06-22,185.5928955078125,185.64252230545932,182.28795068496888,182.35743123046893,51245300
2023-06-23,185.2752685546875,186.14865160262715,183.6178367388713,184.15378184336885,53079300
2023-06-26,183.8759002685547,186.6349803489813,183.83619277653602,185.42415928991971,48088700
2023-06-27,186.6448974609375,186.9724161183805,184.27288216367234,184.491227935301,50730800
2023-06-28,187.82594299316406,188.4710458547069,186.1883648714196,186.51586838059197,51216800
2023-06-29,188.1634063720703,188.63980546499792,187.51830342335998,187.65724937280402,46347300
2023-06-30,192.51043701171875,193.0165939677774,189.820822259396,190.188048421843,85069600
2023-07-03,191.01182556152344,192.42113883743698,190.31708065392723,192.3218852380738,31458200
2023-07-05,189.8903045654297,191.5278827838796,189.18564042572623,190.12850409377413,46920300
2023-07-06,190.36668395996094,190.57511043531196,187.77632283358471,188.4115064167895,45094300
2023-07-07,189.24517822265625,191.2202094723073,188.80850182246542,189.96969607727493,46778000
2023-07-10,187.1907958984375,188.56041687039792,185.63260216726823,187.83589888565078,59922200
2023-07-11,186.66476440429688,187.8755855347649,185.19590513637428,187.73663959244752,46638100
2023-07-12,188.34205627441406,190.2575264802813,187.05183525729512,188.25272198118796,60750200
2023-07-13,189.1062469482422,189.75136501356704,188.35197113238655,189.06655459750118,41342300
2023-07-14,189.255126953125,189.74143018258206,188.203105504946,188.79858162868422,41573900
2023-07-17,192.53030395507812,192.85782264696726,190.36669975701497,190.4560189064468,50520200
2023-07-18,192.27224731445312,192.8677385882339,190.97210701546965,191.89511697543264,48353800
2023-07-19,193.6319580078125,196.73839573453523,191.20038114492507,191.64700719335607,80507300
2023-07-20,191.67677307128906,194.99163717283173,191.05150874206208,193.6220163160383,59581200
2023-07-21,190.49574279785156,193.50294223932778,189.7910785557487,192.63949343255948,71917800
2023-07-24,191.2996368408203,193.44338737849276,190.80339913176502,191.95467425132685,45377800
2023-07-25,192.1630859375,192.9769230508511,191.46835617242775,191.8752747291033,37283200
2023-07-26,193.03646850585938,194.16788987489056,191.86535478351698,192.21271209290208,47471900
2023-07-27,191.7660675048828,195.71611472843404,191.10111090990094,194.5450012117714,47460200
2023-07-28,194.3564453125,195.15042860374737,192.6791595850325,193.20517029738988,48291400
2023-07-31,194.97177124023438,195.01147873318087,193.79072320060368,194.58470647584855,38824100
2023-08-01,194.13809204101562,195.24965951950642,193.81057337810935,194.76335631965225,35175100
2023-08-02,191.1309051513672,193.71133198080406,190.40640238454526,193.57238603724957,50389300
2023-08-03,189.7315216064453,190.92248906521922,189.25513765173034,190.12852085535187,61235200
2023-08-04,180.62060546875,185.97004732736383,180.5511249208849,184.12404245746146,115799700
2023-08-07,177.50421142578125,181.7520044495214,176.01549849286377,180.75952916090975,97576100
2023-08-08,178.4470672607422,178.91353187709316,176.2437708178845,178.33789436874574,67823000
2023-08-09,176.84918212890625,179.568554851008,175.67805336031552,179.50900875402357,60378500
2023-08-10,176.63082885742188,179.38990895654987,176.26361784560095,178.12946109590703,54686900
2023-08-11,176.6904754638672,177.5153442624666,175.458153778981,176.2233960656567,51988100
2023-08-14,178.3501434326172,178.57871676071744,176.21343092354076,176.86935281922499,43675600
2023-08-15,176.35256958007812,178.37001397078072,175.9550494184861,177.7737337283927,43622600
2023-08-16,175.47802734375,177.43583011971523,175.4084529729965,176.0345616520876,46964900
2023-08-17,172.9239044189453,176.41219151441152,172.40711609073566,176.04448461625057,66062900
2023-08-18,173.41087341308594,174.01710147941336,170.89652139153648,171.23441502472326,61114200
2023-08-21,174.7525177001953,175.0407326935708,172.66551420323125,173.98729066685254,46311900
2023-08-22,176.1339111328125,176.58112506049082,175.15997622029204,175.96496432299716,42084200
2023-08-23,179.99989318847656,180.427241821314,177.22715408159033,177.4159814892796,52722800
2023-08-24,175.2891845703125,179.97999499237613,174.92146251967202,179.55264643742132,54945800
2023-08-25,177.50540161132812,178.04205535297126,174.73266281139772,176.28301269216934,51449600
2023-08-28,179.07562255859375,179.4731427043403,177.4457656979585,178.97623493994635,43820700
2023-08-29,182.9813232421875,183.75649819628302,178.389900027249,178.58866011417203,53003900
2023-08-30,186.489501953125,186.6882772160455,183.5975099164829,183.7962700149799,60813900
2023-08-31,186.7081298828125,187.95039936926207,186.3205424096171,186.6783166282915,60794500
2023-09-01,188.28831481933594,188.74546151435723,187.11560449736683,188.3181280749059,45732600
2023-09-05,188.5268096923828,188.8050768374951,186.44973880050088,187.11559340947835,45280000
2023-09-06,181.77879333496094,187.6820597205448,180.34769661549566,187.2348306223963,81755800
2023-09-07,176.46189880371094,177.1078880544232,172.46675577109517,174.09661277894284,112488800
2023-09-08,177.07803344726562,179.1253060568345,176.6904460199261,177.24699542212446,65551300
2023-09-11,178.25076293945312,179.18495201045798,176.2432512228952,178.9563786732192,58953100
2023-09-12,175.20968627929688,179.0160016942275,173.73884349638047,178.37996034233754,90370200
2023-09-13,173.13262939453125,176.20351608404937,172.90404087884383,175.41839323601963,84267900
2023-09-14,174.6531524658203,175.0109266750055,172.5065072107091,172.92390792735483,60895800
2023-09-15,173.92764282226562,175.40843335624928,172.74501513151833,175.38855280048267,109205100
2023-09-18,176.86935424804688,178.27063780985006,175.08048322919404,175.38856362269223,67257600
2023-09-19,177.96253967285156,178.51907389780135,176.03453527611808,176.42212269452386,51826900
2023-09-20,174.40469360351562,178.5886485115626,174.3152386804528,178.1513672500879,58436200
2023-09-21,172.85433959960938,175.20969287756472,172.78478039328195,173.47051558188582,63047900
2023-09-22,173.70899963378906,175.98484555615838,172.9735858899277,173.58974662979438,56725400
2023-09-25,174.9910430908203,175.87553831983675,173.07297120229282,173.12266501245767,46172700
2023-09-26,170.8965301513672,174.11648285641874,170.5983824508641,173.7388432559087,64588900
2023-09-27,169.3759765625,171.9698357492923,168.00452141810098,171.5524350388733,66921800
2023-09-28,169.63438415527344,170.96609339598558,166.5833630389383,168.29272705350883,56294400
2023-09-29,170.1511688232422,171.99966637275853,169.28653897360869,170.956157001118,51814200
2023-10-02,172.67544555664062,173.22204712222216,169.87287852825236,170.16109351938684,52164500
2023-10-03,171.33380126953125,172.55620536089927,169.76358598551198,171.1946676938173,49594600
2023-10-04,172.58599853515625,173.13260007772962,169.9126324887325,170.03188549277738,53020300
2023-10-05,173.8282928466797,174.36494660639528,171.61207310700374,172.71520904615178,48527900
2023-10-06,176.392333984375,176.88924177784276,172.10897606656815,172.7251520422754,57224100
2023-10-09,177.88304138183594,177.94266788538698,174.7127675180559,175.71651571148107,42390800
2023-10-10,177.28675842285156,178.60853494693302,176.84947714698436,176.99855858071479,43698000
2023-10-11,178.68804931640625,178.7377431296811,176.50165801211756,177.09793827814755,47551100
2023-10-12,179.59242248535156,181.21233159015208,177.9327371003315,178.95638111240146,56743100
2023-10-13,177.74391174316406,180.80485019878847,177.03829605191484,180.29800974299292,51427100
2023-10-16,177.61471557617188,177.97248977927228,175.41837654739012,175.65689773759766,52517000
2023-10-17,176.05441284179688,177.31656279493396,173.71895547455762,175.55750508309643,57549400
2023-10-18,174.7525177001953,176.48176216718392,174.027036615376,174.4941311237392,54764400
2023-10-19,174.37489318847656,176.7401640228471,174.106558728376,174.9512928962145,59302900
2023-10-20,171.81082153320312,174.33510612860854,171.57230036367312,174.22578582145985,64189300
2023-10-23,171.93008422851562,172.93383244025344,168.87906331617407,169.85301344001374,55980100
2023-10-24,172.3673858642578,172.59595921387623,170.38968729481687,171.97979837385134,43816600
2023-10-25,170.04185485839844,171.98972493811345,169.59462570782657,170.81702981156988,57157000
2023-10-26,165.85787963867188,170.32011700092076,164.64542343181446,169.31635357139493,70625300
2023-10-27,167.17965698242188,167.91508596598229,165.79825394187426,165.8777610074826,58499100
2023-10-30,169.23684692382812,170.11140947897792,167.82563063265053,167.97471206696315,51131000
2023-10-31,169.71388244628906,169.8430681534906,166.86162156099337,168.30266621223763,44846000
2023-11-01,172.89410400390625,173.15249060498644,169.0679078148722,169.94247040994804,56934900
2023-11-02,176.47183227539062,176.68052504619254,174.37488088465793,174.43450739060134,77334800
2023-11-03,175.55752563476562,175.7264876371941,172.27794617495533,173.16244148240884,79763700
2023-11-06,178.12156677246094,178.3203268607263,175.12025456148152,175.28920139472822,63841300
2023-11-07,180.695556640625,181.31171744967662,177.8631761623555,178.07186894277902,70530000
2023-11-08,181.75892639160156,182.31546067653568,180.466963136192,181.22227266382137,49340300
2023-11-09,181.28189086914062,182.9813068996389,180.68559549720575,181.8284924326774,53763500
2023-11-10,185.49127197265625,185.66045656490678,182.63526841968368,183.07312579736603,66133400
2023-11-13,183.89906311035156,185.12306234297503,183.31194313207843,184.91409464160964,43627500
2023-11-14,186.5261993408203,187.1929311504176,185.3917576494399,186.78492632853875,60108400
2023-11-15,187.0934295654297,188.57617115328318,186.86455508690236,186.93422111937653,53790500
2023-11-16,188.78514099121094,190.02904704723116,187.73029590080972,188.64582412031268,54412900
2023-11-17,188.76524353027344,189.45188213648447,187.65070850825023,189.32251104128505,50922700
2023-11-20,190.5166473388672,190.97441144582112,188.9543092379418,188.96425501994514,46505100
2023-11-21,189.71060180664062,190.586316538311,188.8149955106325,190.47685219685218,38134500
2023-11-22,190.37733459472656,191.98943200940647,189.89967891341405,190.55646496546896,39617700
2023-11-24,189.0438690185547,189.96932784078396,188.3273779116158,189.93947531002817,24048300
2023-11-27,188.86474609375,189.74046085550287,187.9790855494866,188.994117188391,40552600
2023-11-28,189.47177124023438,190.14846405510127,188.47664635938358,188.85479867311508,38415400
2023-11-29,188.44679260253906,191.15353347560767,188.04874872654685,189.96933244559008,43014200
2023-11-30,189.0239715576172,189.39217809569718,187.27255720148867,188.9145072113341,48794400
2023-12-01,190.30767822265625,190.6261102728152,188.3074675935333,189.40211098182942,45679300
2023-12-04,188.50650024414062,189.12348800008925,186.53615721754525,189.05382196941733,43389500
2023-12-05,192.47705078125,193.45226890347428,189.2528407319119,189.28270844769884,66628400
2023-12-06,191.38243103027344,193.81052306910513,191.1734481168898,193.5020367748159,41089700
2023-12-07,193.32290649414062,194.0493433741143,192.64621370853777,192.68602720531442,47477700
2023-12-08,194.75588989257812,195.03452363413496,192.72582670763535,193.25324166018223,53377300
2023-12-11,192.2382049560547,192.54670640437527,190.48679074363935,192.16855411471755,60943700
2023-12-12,193.76077270507812,193.77071848752672,190.7853438376791,192.13871428631938,52696900
2023-12-13,196.9949188232422,197.03471713546693,193.90007998207173,194.13890022421998,70404200
2023-12-14,197.1441650390625,198.6467979467734,195.20367481138322,197.05460745572316,66831600
2023-12-15,196.6068115234375,197.43275173465906,196.0395831061416,196.5669980286803,128256700
2023-12-18,194.9350128173828,195.67141069754175,193.4423254921639,195.13403475719855,55751900
2023-12-19,195.97988891601562,195.98983469805682,194.9350047944863,195.20369275359957,40714100
2023-12-20,193.88018798828125,196.71628487042167,193.88018798828125,195.94008865557052,52242800
2023-12-21,193.7308807373047,196.11918926884985,192.55664081053737,195.14397125694492,46482500
2023-12-22,192.6561737060547,194.45734722393942,192.02924020237552,194.22845757962483,37122800
2023-12-26,192.10885620117188,192.94475743470915,191.88992751842636,192.66612369019674,28919300
2023-12-27,192.20835876464844,192.5566585360189,190.15840400250286,191.55158790358445,48087700
2023-12-28,192.6362762451172,193.71101293849657,192.22827139973785,193.1935437488545,34049900
2023-12-29,191.5913848876953,193.452263485871,190.7952819760843,192.9547010641641,42628800
